id,gender
d6b08022cdf758ead05e1c266649c393,male
9a989cb04766d5a89a65e8912d448328,female
2a1053a059d58fbafd3e782a8f7972c0,male
6032537900368aca3d1546bd71ecabd1,male
d191280655be8108ec9928398ff5b563,male
df3a8133452fdb558071c430767956f0,male
ddda41c9d67e015146450218506959e4,male
5aa5bb5899ca65c29473704c8db99ab3,male
9fb31a767624d6a744df34779b98daea,male
d37f57b13911c4acdce6d675c5d2dcf4,female
3274a46fa5c90ce7bf1130161a5db563,female
effd96c38aa48899a74efa76cf233dff,male
8abf33e3f07dcd6f435c3eb3173bbf59,male
967b5acd92c694bcda2b356932877506,female
87318fe9b132b934dd298c3f7f3fbcf6,female
f09b38cc49f5a68feb8330d7fd4a8d1a,female
7904b53a0d746ff1d6d6e9dfcde632cc,male
4bcaa13ed58c84aea5e9cefd0334ef88,male
2dc42e8fc84943a0a16ee330e723dace,male
4394b0ab0df4ba3d496baff6765023d6,female
1c8fa667a0eb4be9ee862274d7117b20,male
5df84ba43cd3dec84020d2b6d390df83,male
b519fd3c01e48d928930ee0c48ce44cc,male
4dde7dbe0e6d2254bf1b133265633647,male
d67e005161b92db2e0992a7c9b16d874,female
7cbcbb326a09c9ec41438a874f68c9db,female
5ff6af693b63c445bdf3e7c58992df73,male
11ed033e4e7efc52b0d3d0b0d850a768,female
985459806ad747a4732e59c0489ac515,female
fcdec404a7112fc47ace93b7456d3709,male
7c68fc541c7fbfc8f452862b708a04ce,female
fe14ba4c34f075c0b4037e87424be045,female
6b18a9e116167bd05c78cb1ade04a56,male
b6413318d4c585c30f82ab01e41b695b,female
9ec6cd1ae201fb59df9b2e8902a1d185,female
9477e95bbfcfecef4e69e2a62f15806,female
61ffb51eb093d9ea555434252b70b73f,female
c6769cf209a2d8fe340d916935a3d445,female
33dfeb2341ffde08d675b34e03fcfc71,male
af6e2052d66eba200312980398abf45,female
3df363c31c6d61b3377ff33ed4b9b161,female
ef3102e1f4edc9071c488b621cad8d2f,female
10b29c3fa3a80479a726ace913768934,male
bd6b9ed096755cfc95f81f9e10fcedbf,female
c8aa45bfae5bd91015a6b711881a13e3,female
d857f3e6b85bec0e58893b3c2c401cfe,male
411a2475d98d2dfb1a447af473add890,female
4052eb0069ef2d63dc9298c63fd0ab7d,male
552ce6c7d0db4f6f74ff62383ab005c5,female
6f63b95f626e3b25998fec20ac356f4b,female
7dcd2337a5e59062643c852771393994,female
1f90146e5b7046230dc48caa2ba099c0,female
c5bded8e6caa314e736b06cdac9de69e,female
7f38f4a9028942b739e233be42622abf,female
da9d3219a84412ebf6497f335b7c6ee5,male
22123328bbf3e81446d92641898c692f,female
55772ec781771cb0ca1ed2330e70e46a,female
ea156535646d492945d2c3ac9c0ad333,male
79622e0db1c3b045b76a5907256dc84c,female
2d36948482be0a831e61ea02633c0861,male
d7bee78f1974ed2d72dbfc4b66d9f445,female
b082dc7db949f8c74d6f407de781013c,female
6f5c1cb143e38652663f5114eb829b35,female
ebae994f4488ea81b55d646620c7d066,female
d768dd2f8617508190548768d7ab0c21,female
c0f721153b19f2de93173649705b0ecb,male
ade6b98009286428086920abd2093ef5,male
2a49aa4a4e854350246899ffc66811c,female
9ce02efba435b8e94f28ccc045497728,female
69fd13e378998536030b47487386aca2,female
99201afcaf7a8152fd4649530fb4eb8b,female
e09f601f00315551ab943444d0c57726,male
8779463f7e83cf6257e133d24a6a61b8,female
a90f74ea75209aa06deb8f8ec1cddb86,male
150395953e753bf3b6fb7ec224207da4,male
d044bac890b48471e582d2cc147b9b20,female
ccb0c567e7572d5c9007e46fc8a48aef,male
a5ab931b36b45ae0d3bc673311a76926,male
e62e683a17bc461c68b9bac8d7771820,female
3e803dd669f2c53e2a1629a6918595dc,male
58f5f8f19a02e675dc356fc407ed5474,female
bc36c399964d58fe8871ffd2b6eed863,male
637e2a2ba1dc87415948e1135f7b05bd,female
8da189789db95ad789ea8cd06b97bf7d,female
88d4dd6caf708dcbc436f7931533a2fd,female
e12f61e107acac929620ae228d2e7c5f,male
62e5bee9dde3337f326f8006a6735fef,female
ec82111257cdf2906d4bd072aaac0f92,female
290054567eaec0a4d284fe51dde507fa,female
f17579f54b9c6140714e9c1e14a56e3c,female
508fac9e413475c5c0d0b5578d832dc2,female
1d7765afa987ccb8f0467d6eae3a5e78,female
e64755a5303a16e130d9478d1efada5a,female
4f9a3ce281281900b87c489c44ae40ba,female
56a8e19d3dd2883c5e82a5b53614f9e1,male
4ba145dd3279d32ae65d9863458c7a3c,female
e64b6b2818fada0a954bf1a78782dc8,male
2a9470350d81d711c078d37b9bfe1c71,female
94bdb7d46163215d094666ce3c75ca33,male
65d5766cc2bffe0a2deda4638140b957,female
73533c22ef5b8cc5e1cc4dfc06396b29,male
1209ed2953a24d7fcfa9426c04cf2ffb,male
1d92b74022a9780bca3eee9fd0c3e8a,female
283e9511edc19c4ccb9c15e0d8ea54cc,female
cde1f8f250d7beeff51065c8ee42725f,female
bc134a3a7a404206d18c87ecb6d574b8,male
840c594c4c5bdc5758665db3f6e2cf7a,female
20647d1b6e6953e2b9135490fef1c2da,female
7c5e118033bb06f999d56568be1c7ff7,male
71e0170913bc8149de6f9a1a2125598e,male
ad4a9da8b4daadf87aa845b38e66885,female
6f82090924a0d0ebfd438468cb7c3e78,female
405342e827030c34de9e418acd3eb1ad,male
74df01e5ff7a8d678fa926b2f14880f7,male
59926d8bd9c721953a0cd95626913bf6,male
184249c3d3c3a6f06b3fc9f6f864360,female
80e05a74f3e72c5f2825a92cdd7d280c,female
e4befd594a7a2b303d321e1b659f5e63,female
6e82d17913b0d46f15d14eba7b2cc733,male
fb48c695ab31539ad403215f950362ea,male
d14812e0ac6b6a9529b25a25990384f3,male
4312243011b84b10e66b99335859bec6,male
b59a675998454362047d287dbdbf4bcc,male
444ec23c21b7d49ae9b891d8c0bb7da9,female
6d83f3ee4f634e75fd6b82b6dd1737de,male
7f1dd10bbdd118cf78b8ba4986db031,female
7eacbcb7e72c65b2cd2306d45d862f9c,male
53b5a7f9b733b31da83a695278e6e8a0,male
b6b72fb81cb82ddff134d566a0c64cb8,male
1516972ef7638477ede11dce1d948343,female
6b159a21a6591f19c1089307fe1a697f,female
ae24f0f7f930407fe2422f5fc624b7e,male
6d1616e0ad48d5a65b1f36f1a3845e69,male
1a4a60942a15426c9a7ec3764e7d0ede,male
d70a24c0764ce7f29eb1168574dff6c,male
129df320897dbd25a60882df06dc8643,male
a8d2bb9024fdfeb7a96c96d24bee1c34,female
3f1f50e9d28029e9c05a634d8e343416,female
86ca1007fc81fe49f6699d723f48e363,male
c19ff4832e4bc05aba916fd76dc2596a,female
8f2fe6c1a493e513c2d1ff594769ef0b,male
4a3f6310ec0b218b895590ca62388f5d,female
806c8edae2a4e652c7d6e915b1356ff9,male
db36e19ab31b08fabed7e44b1f838283,male
dc516af9c24fc9db3caa64db75786b45,female
c298e1a8c7951d2cebceccd4c5e929f8,female
2204c5946d8eae16e22dd9b79d91e96,female
9f70f9fcae2ad899de04b3186422369f,male
a4350ed666e65d58b85af8db9ee6c4f9,male
d48df00c653900c29d4259e58de24520,female
bf53434c1e35423a1abecdc6b2a2e79c,male
e33e5a9a3a456483710ffe2831ebf229,female
685f91d27a5f092f9bf7b16d0a5e3a43,female
c6adee2ac22a7920be55dd0ba743104d,female
f895f9e022170e79a782f191fcaa4351,male
75764bdcb256f8fa380248fbd993fcaa,female
736f96071dfbce5891e744321e8e59ed,male
818d0e557e1d4c98b4d9a119ade1f015,male
bcdee457040d6e02a367531df619b927,female
96fe3182581e9d3aa6c92fbd8a78497d,female
8ba8e5a2b4c7f3c617ca19a91ca4186c,female
1fc59b9c73f527df121d65ea68a107be,female
29bef664df8f80009662d402305d046a,female
b515eed86133d4e93ba7d70a19524cb9,female
2c3fa19946483f791727f494fe856c5a,male
a529a9b99856ffda06932493441bae7d,female
537ef663faad9126211edb6f80cef80c,male
814b92097b53c9faff5e38a1ddde9493,male
e51b2dab4561a5c46b18fb7ea657a63b,female
49972672375b9049e3ff0a765ebe1e59,female
e2a7a01b051031b29e017fe1bcdb5681,male
d3d1b3895b5ac23cd6f4a84a4c6fab46,male
2f1b014b291523e95e8337881f02d4a2,female
a959c189394616f5c6c31cd90371ba2c,female
e236c47b64750ca1b99ae166b412c1b5,male
375ea35bd3cc8be865952945535428a2,male
5f16d40b0161c6eb840b91db5d4f184b,female
be3ed05e3b729933c514f6657b2161d0,female
d0b01a46c2384b438f1f19ee2520479a,female
980b4c82b192028a7504674a386b7cf5,female
43b6172a8623bb7e560c9d16368b4d5b,female
598850706b5371e44783b5d048f080f2,female
f56c6df34a5020417a6fa558c5ee1261,male
1a6ce29582265a11b005501fbb92e9f8,male
46d44c9d672a0f618e95750d2c3174e8,male
c8ad813d343b61c64e2c0784e25862d0,male
60ca04ffbaadf62f32cbc650236c4083,male
1bdbec2d89e076efa7f122d461d84bc2,male
56102370fcd6ffebd413e43bde0ad17,male
93b346dbb872035650af4bd92e057f40,female
fedde66cfd4c6041ce103c339e3526dc,male
11af0d26a672c7da826161a7f3abd0f1,female
94eb7b21081b38e22feb3fa1110e4d08,female
d1d91836a3a0742dcc6ec9d28a9be957,female
bda8bb50d739e4322a231d3ac0fbc334,female
b8fc11ceb0148695fae8f602b9ebe35d,male
59ec819f25b1ebef3206b536fe57a62e,female
111dca856335d766d2c4f90d9d60b616,female
888f1b40b26b28deb330c61f2797b231,male
71218098be5b0a14a00b64ce071eadf4,female
4799e811e7c2bf342a9f9fb062295456,male
629c834495ba06d2820f1b81c1630afe,female
4c85e30a9a44e90d82267686e420ec5c,male
a69ba898a8d0562ac535dafa2c527031,female
fc55ad4089f326e6b19aa2ab30bd916a,female
4f67590e3ebac921abc1ba97b7a7b5aa,female
ba9bcd35ccd60697cd5228a3059effb8,female
d0afa35e52791c7b419c248869e521ea,female
bdaf69b1892ebe83996d23a7df39ab23,female
460bc51f71360d061259d639b8553e5c,male
a4aa34e1381991ef728df482d643d18d,female
14a76fcf968fc12ce7765bceb677857e,female
e18fdcc3373f11fcad2f315caf287953,male
d82ec6fc92fccd520194d1ddd14ea2fe,male
f6f664daf152b4b3d641b07a986d4f12,female
286c534cdd94d09a89f97f0a5a5fb816,female
1cb5e703c9f033171c19bfea6f9416f3,male
1e07035b5a151ffe0131dbb2051fadf6,female
38e91869f8957daf83a64a855cf3a757,female
2ed39526d27ad9232067f5fdbb0db797,female
6c2523cafa8a2f9ed080167d19ee244d,female
a29e30dad836074844594dd67e4ef9e1,female
75fedb4c225fd95763d159eb38a2af39,male
48b63e885a93547b3bb1d6098579ddcd,female
d401b0038b2a6db1bb17c6c1f54075d0,male
1fd41dac120bb61f457a078b303d2734,female
148d64f60e8b1a080e41b311c6ddc5af,female
406ee9426b77d3c8d557d7fa33e72ccb,male
b09e80cc77230f4feef6e61b5eae0c9e,female
a7a253df9110ad88414a672b040d02c2,female
b901425d38dc6506a08f9f15d171b6c0,male
c45fd5698c2a0c414bf5dee611560a0f,female
cc15fe24a8ddbf2679a6000362f1f76a,male
f16e29800f8b8ef1d04dd34b4dd66b24,male
d00c10746ea786462c7cea8f0ac10027,female
f3002392e1bc77ada832642388c9ed15,female
dd0db73d24fd638371493ce800f9e173,male
e7297bb01ee22cb219d7144e4b2f87d1,female
beb7252c74551afb3f5544ef60c7c661,male
9704fa5ca87fc30508d29c8e6a0a6568,female
e61debcedeeb7a5bc1b11783aa889827,female
876c89a94e1df9059c884d51af70dba4,male
657467306e1b2d64bba34324e250f412,male
c4330f1733598d66657cc31a32b3b96a,male
71f48d1b1e4f84048347bf1a3a916e6,female
f0fa279488eebdd2beacb172a0816642,male
979a3b32a35626acdc3c8a7e70ad199b,male
8aefb8278424a2fe2e158e6bd32b5595,male
8325cae2b00e2055a7a68b2286ab1bcc,male
d014e209d9195677ba7d571e3c7d4233,male
8ad52bf0ca3c80f92939c484d1819013,female
eb5fbea38064d689e6e18d793f8fa4be,female
954a295ccb87df1bc47426a7b6f85e91,female
a43d0a20711f759e6be3027f039008fc,female
a08ab61ad8fbafa19aadbaf474b34ced,female
c30a055b7abee6768ea2a235fb152bb3,female
ec2d7a10aed2200aa3ebec7812610f5,female
159937b3c2add1ce0fdd0d88a44911e8,male
41ea442c12a7d4f417da3fc0fdc6c2b,female
41d6ab0735396d2305a8b9e7dee6573d,male
2a36591cf5dd79cab26e728dad27f09b,male
18416fc25f2716d2af7db9a04dd5452f,female
118602e0a88eb676ddf2bbb47e8bc0a,female
671d02dc0fc3a7b4d477f49986879a00,male
6086640cb78295a86431b5f67c0f19ec,female
ef26880665a889f1aa4084996ab081fd,female
706cd7a97249ec8d2dc6c482101c0ec8,male
2dac1ca1c60cfbfec3d394b431e48d69,female
7f56e3af94764a7b1fc7438073d8dbaa,female
90c92e43552ae612f1b3cab6c9059eb3,male
bc345c8f68186413618263294214b7a6,female
5da57612aaf2cadede7483ddccd5e97d,male
64ab928caec0a27625c47c6bf261e475,female
a05f4f6d2ae77339f3a8bb51792c4039,female
4dc8105289c9926dc0eaefb0745b51a7,female
1a6446f74e20c558a2cef60365400499,male
6177cb1d0fe2a46f17cc99e739cfa43a,female
633c2668dfa89fcf2a652f010f099d05,male
a78f361b1ae39dcfff82d3fbe61baaf,female
26ea40049732625166d7fbce7c21c008,male
26e2cb2bf0f58d0238abeddb1d389309,male
60c628210e590644138bd43b78f319b7,male
8ebb5b1633c16c5636f24bbfb70d26bb,female
4254c99102108b34be57faa0fae0a4a4,male
9f237ee76e2dfc2e73f7f55a69b634f5,female
33bbca21c10be834f631df2258e66135,female
b280b5bae25e0f5696d187b64a07fb45,female
7081369a006e85226c560e892e613cb8,female
38d72adc7733746c62528598e0b2673b,female
16c9b93cf35fb042f18cd3deda22bcbb,male
f2aaca3dbdf49e7d1f3bd78e4d86bf47,female
c8fcfcb79e8ff4b3384cf5971848ce1b,male
3469d04323742b948639b2a998e1c332,female
7ee7c3131fabcde898faa6ee5ed2a80d,female
d052413e23540da3e613f466e53a1317,female
f2e067074867250280dde441ce52910e,female
ca0cbc2ebeb2668677c6dfe90677f179,female
98699cce08dd6167c2e5f2cb0fbdcded,male
ae1b7c142ed75b9b47385417057d1b2,female
3778533828656cce646fa13103d735b3,male
c14c750239f51b1c9a64a2a6a43c9c65,male
a9131943030048ca6b324050320498e9,female
1d141edc3450641f65a43d7d4e29e1a5,male
1ff1cbd799f21199fea00ca1772058aa,female
a937ea8183ce2c86f51cdf784ffd647b,female
828c0039f87805e4f35726b79c00148c,male
a76b29d4e1ee5492054b4bcf50705caa,female
fca10ae8da648e818a2ef98b26f8476d,male
666b39e102d87979b35cd5ebac420dd8,female
24cdcad34bc4702319831b8d63c339c1,female
7fc5a43890b83029ab05586f9a178c6a,male
97176d48b7cefab9008d7d25057aeaa7,male
da7ef7724863d8ec11cb0c1d51cc7d14,female
b163ffb11f239d73f949849b0ff89a6a,female
1d2201281efcc781720ca4709349b4ff,female
315e09dca4770085789b8ad8bccf6db6,female
529742f1569580a3c7502feda31d8787,female
e123c1c1f558a2e6b4b27040c2118843,female
7ae5ec6eda7766e70baf9c955479c289,female
717ec629ddcc209adec9cef9dee1b456,male
1064bd0b78f14bea5b851e2a995dd4e5,male
cc5ec263a69542186cab0c4048f89588,female
1e76e758db826451d479f7db0683bafd,male
cff9fcc3c757a866c20929ec5ad20b49,male
7b776f1fa9464ba00456f88707e76b5e,female
e469d2ebb1afc302cdcca08ded372ae0,female
d57d4130190114ebeaa404228ca94cbf,male
97bd3c7963be72200baf45d3a4268a74,male
cc1c356d6db5d86f08647b0779e74946,male
db8efea34d6391b8596812cca2973cb0,female
2f4f325155bb3f501f60965599ccbfd3,male
82a73eed61a08dbda750a1f89f659dd,female
5b7bea20e211e378461b2387522a66fd,female
dab409749fa45b09b0383b5a3624871c,female
64b63f3244f77947812d3bd150c788fc,male
d3aa3d321063efdd525d8a710337f883,female
dbeb0315430511c9ae8e41c323a26534,female
c49bda7b9b3f857f4fd4abd9ba0c8763,female
48afb906112112fef8770c363231bcbc,male
54a209cddb213c282a76d87dc671ba53,male
4a064756edcee67c4cc2da8186feebd6,female
654ca4f70634d3c30add083a6a9efe28,female
83f88c602e47381e7978eea9dc9fa32c,female
6465ccccacf1e3ac848bf2acca8352a,female
f860e1654982c95af3c7da43c3d0ef94,female
4c01c6c4a08a5c287e92d33954bde120,female
8fa0d65e477292722349d3f75ecf9d5,female
a5cddb2b8d376fd91727240cf28ccba1,male
4b2f4f396e1a3ccb5363c68e05591ee2,male
fff1359e0dc1eba31a10120bf16834b7,female
4195492ba70d1b7cf15048215366d2a0,male
9cf99c98b023448ec91fcc3e6b7f1f06,male
1cdb5046d47717d102620dc8e3d48a48,female
da6330dd08349396c1b335b1afb82a66,female
167e571ff049bcfd7b475321645d6dc9,female
cca6ea8ff34f201aa90373e000aeedd,male
caf8b0af153efc3ecb4ecd6e23973ccb,male
d05cb201ddc0854c161a7b10e13186d2,male
a836654d93fc9a1914aee9a3597cdc7d,female
d41a2efe46119724f95801ea10905ec9,female
41f1ef0e030b275370bf7dbd051c6f88,female
5266dbd801928fd22637efcc15316dbb,male
e4c2bef9fcc41f2681fc502d6fba5703,male
c0c23b70d849f6c798f1c876eec9ba19,male
e6d8e40bf4b68042ce3872829d30efab,female
566ed534dfb174793729d5fc392380d2,female
7d4fef23e3ec0a4cc4a421fcaba7267c,female
4465a4a2a6edafecfc5fcb2fc32e4ab,female
4c48236a4e262e9d41401ebdf4ec5e3e,male
d01b07728ef1faa6e2cd5b8a9ebb2bfc,female
16db4d7736cc55a191272c8d56a90b6d,female
cf7b0d7f6af647e704273432b7e761df,female
4096343d0c6ec2246c786085da9dcebc,female
a8cb09680a6a15d8d90d6fc35b840b89,female
7663965c14ae5ceda6584ca125d11a72,female
8e1993017178471297c8c1a264a37ef7,female
15487914dc6f0af8ca8fe62f55ad74ad,male
669479df8376ab58c2e43857dc6c93fa,female
a577ab6a4cd4da33807c0ce48a8c9556,female
797652418d8db9c6cdffb2342e301bbc,female
bdb4e1c2903f53abaa3a36e69876f309,female
afffcd76f92c7fcef3424491f8d2a734,male
485b2e85f7eca93211897f5cbb30cdeb,female
740c204381f89a1347801492aed44bd9,female
805606bc928f1b7b2291ad7d3d6f9a9a,female
e1dbd6442cbecde5639a0190a9c141fb,male
b927fde6dc88d0eaf1ac72286fb26806,male
452b187bf96a8b3e7cec0d29f1ad6580,male
193d6ccf6ad722c17e781c89c13325b,female
9cea72ad856576844692662ab5add2f9,female
e4bc07095b1cdfaab3ff5b116817e026,female
2b6dd458595b6150a6a6252245dcfa19,male
6a08f60e6b5994240338ed8d62f300f9,male
35d7ac2a4f13c9e08677ac560b6264c4,female
84466a0d57db15a119bb9150b4a3187c,female
47a51b9989ab91ff4656fce373e0d780,female
18ac3c67a97054a2c44105068b722be0,female
a405ce7741c1ff7fe962880d744c6c6c,male
b8e9105b3081abccda614f13e65752d,female
b2e5086a0e2f263f48ba1bec23dcc32,female
b1726878e17933d5ba65545dbb750e9f,male
4c30a7e3d3f17baee3f07a8de542d62c,female
c44f2f91a4e01c43da8c5cdd23c86e77,female
e9adacc40dc8d4b60b706db9c025319e,female
a59aff4c85f6217eb5200f7badbafe21,male
6b2aae794ecd025a825cecea40ce6771,female
690b57835d309d30ae19a9a68e7aa591,female
975135f49e8001bea8095a91e612a756,male
baf8b4a902f09cc96567566caa6815c3,female
f561cce6712485d801198a32b229d0bc,male
4c04a037cdc51dd4d5766dc82a628638,female
f6ee758e2e99baf580f551154ab69274,female
66314199265dc4f16c70940bfd971f84,male
6506f6545ef22f3d6d8dcffd1b8a5bad,male
17722f2252658913d4deb9341c0ed4e5,male
86bf4341bf55133377257cd360cc0037,male
48f45ad23879a463d95acb5f782f55af,female
a25c28c61a18a4bcde5ab38b4d7958da,female
721b5dcad747c8841d15b19ace2ce4bf,female
9c3588d28e397ee179f300f67e8fbde3,male
3b7154f5ee4ccaeac03040ac397d3385,female
7b911cf1db599c0053dea40d8c226741,female
a6797aad7cc00ababbe7cf4cf5484632,male
cc4264ca2958c7123f9a03b7553b5e8c,female
f7888a6d9d219ab0a60d76238ed22304,female
b8152c6f226017decb92b69150c31187,male
61d15af5370ff34a950e94664561d85c,female
22ef982789f5e4ee7b81339127d9530e,male
6d9070213a48b2958e9d23e62ada3a78,male
e2839faf1ed62d418541c68f10b66a3f,male
7bb39b8883477b6fe4d83439db3fa26d,female
bbb01b3ef6e3dd635f0170fe49b3cb44,female
1c56b73d733dd8800af48879f3820554,female
d0a3a63afc1c8217a3fdcc705bdebad3,female
286ac2ebd745722a1442f6c7aae0d208,female
7dbbf92901f7ea2dbf39d2de109d1764,female
7ffdaa0d7d70f8c485e3f645aa9ba7d9,female
35b6188cf0dfda71ea31768310f4aed,male
c3fc612f9fe498210613a7991a1c7f2a,female
227c916396b62f22926ee4591b24c5bf,male
a04cd1968fba1612b47b9f3ebad7f9f8,male
2266cca06e917d604eb0c24930716275,female
5180d6a345ec9231552ab28d3d76f905,male
119332e948448bf29110ba44e5b6578,female
18ad50f4d3d1170e8b581f31370cfbe1,female
7729fb5f8b99e7a50f134d79866a3aeb,male
35a37ea94577a6404548ae54e50f3186,female
c0ceb1e959b74c4a3819bcef20fa9f5e,male
944496c65786ed87ee96bd8f2900af26,female
df959a898742c0e89367965d56101b2d,female
e8e0f74a52ea62cf0114280bc1394e59,male
d4a34bc2a6185817d74613e9415a76b4,male
c4ba27abee5b7d2ed43ad64a44f8f2f7,female
d933721d9a00612fda108cc2b5c9260b,male
8018bf70f3fd1adce391d8a97375d567,male
bb1d0772291c96c6a1eca91693a96787,male
4e7529f31966c1bb8e93c0c82d38aa48,male
31056ce770965577802c99efdc1c9f43,female
fc3b4b9cbcd94568080bbe87db5da,male
fb9fee0eb58c7398bae0c21db6247576,female
58daf42d9b7c108ebd321de1471b57e1,female
700a73185a130ab076f3ee8d922df82c,male
80a9bfc55ac2dd1d8634d548efe09c05,female
db44e6c0af5fddeab068103dc3d6b482,male
848536c6de2932595a09a6cf40aa73c1,female
21d5e8023f8c7d3b4ebd8eeaa7551be4,female
bc61b521a47803be7d3a56e3ba0ff894,female
3f4181a9b86a6c3c7e552e8015724e36,female
c0f4643755b6e6018bcf49772e44eca3,female
298eabfd888593177f6d519b5c4b326,female
5761df52b4bb7995e135aa372464ceee,male
a5f138f0876792960f3f0131a475ccc0,female
d3383f12e6f5af0707e71da5eb99bc2,female
c233566e8bd768821fa84642966763f6,female
f138a4b3fb2d28fd98dace34aef195b8,male
fbb2bdddeec8893bf5bbc38992816bca,male
9017255b5ab6fa270b77754dab8d0a01,female
85cf9c466dbb30eec4a2b42844f372ff,male
cef332e186f07a9ba999fb8cf806ed30,male
1ab9422585e1baac59e2c7b67117120b,male
185e06377b4f57cd1e0c957789963e4b,male
86fd2c1e61e412a209134f1a6f4a5a39,male
a88eb6ecacadc947dc3aabb998e32605,male
dcfa8a5eb4455b01772eefba1f2562e,male
c9c2551503f87f3fa7fbc2c32cb22025,female
ecff3591f1fa5d64263f4a6360528783,male
bb7bb345e5c81a19a8ac734eac16c3c8,male
c4fc303af086545e0115c998e5ae3dbd,female
352c73f4b1f550b5995811058e515f58,male
55b8a5594f4fd6b29819cee40d1d1300,female
f09bdd87bf3002aa3df93cdfa4b7c432,female
56ecccc76ddfbc67d773ddc9c3038c3e,male
81cb5d1a48958d9480f80540d05178e9,male
7790377e39156a7a0094da48b0eecac,female
85ce39846be296655632e2275805a7c9,female
22ccbc021f5647fb937a244f2b20c481,female
cefc8ef7699a7cdea083fb104c46b4f4,male
356da3bba0e1527fb5781865c45ad272,male
6e12611644ba86570349192a2e960e3,male
f3c31a583e2336d755ec683a9707e64c,female
